Nombre;GDPR IP
Participante 1;170.82.191.157
Participante 2;186.154.124.90
Participante 3;186.158.132.184
Participante 4;201.227.20.124
Participante 5;201.227.20.124
Participante 6;186.46.239.34
Participante 7;177.225.157.5
Participante 8;201.242.232.25
Participante 9;79.159.207.159
Participante 10;189.194.63.116
Participante 11;186.77.196.39
Participante 12;190.219.103.42
Participante 13;201.143.197.111
Participante 14;190.233.29.17
Participante 15;190.218.12.199
Participante 16;186.72.251.215
Participante 17;190.218.250.176
Participante 18;186.72.53.235
Participante 19;201.232.214.83
Participante 20;190.141.133.146
Participante 21;186.28.20.9
Participante 22;190.212.137.114
Participante 23;83.54.21.91
Participante 24;181.214.159.196
Participante 25;181.197.146.105
Participante 26;181.114.108.61
Participante 27;181.51.34.192
Participante 28;186.5.141.130
Participante 29;200.87.211.201
Participante 30;201.240.25.193
Participante 31;201.227.226.137
Participante 32;190.218.177.154
Participante 33;181.197.184.207
Participante 34;179.6.201.107
Participante 35;186.72.48.91
Participante 36;186.77.204.214
Participante 37;190.141.249.53
Participante 38;190.239.68.149
Participante 39;189.217.24.187
Participante 40;181.60.215.50
Participante 41;186.83.184.151
Participante 42;190.237.35.161
Participante 43;186.122.16.240
Participante 44;186.75.6.237
Participante 45;186.5.31.51
Participante 46;152.231.33.49
Participante 47;188.26.214.220
Participante 48;190.141.224.222
Participante 49;181.36.195.67
Participante 50;190.102.58.162
Participante 51;177.225.143.53
Participante 52;190.57.47.93
Participante 53;181.67.168.5
Participante 54;181.197.0.68
Participante 55;190.33.236.37
Participante 56;187.190.29.75
Participante 57;186.84.91.108
Participante 58;181.65.0.147
Participante 59;181.163.84.127
Participante 60;200.108.58.47
Participante 61;179.51.3.199
Participante 62;200.46.90.194
Participante 63;190.5.252.62
Participante 64;191.95.59.244
Participante 65;190.141.177.171
Participante 66;201.131.45.124
Participante 67;186.77.134.234
Participante 68;185.255.105.40
Participante 69;190.34.232.144
Participante 70;181.226.87.171
Participante 71;193.36.224.32
Participante 72;186.72.220.234
Participante 73;200.46.82.197
Participante 74;190.141.61.5
Participante 75;189.217.89.23
Participante 76;186.77.196.39
Participante 77;186.77.134.234
Participante 78;186.157.64.14
Participante 79;186.5.141.130
Participante 80;190.34.232.144
Participante 81;187.147.61.143
Participante 82;181.143.71.18
Participante 83;190.85.111.90
Participante 84;190.141.61.5
Participante 85;181.197.125.152
Participante 86;190.5.252.62
Participante 87;190.218.236.190
Participante 88;190.141.177.171
Participante 89;181.36.195.251
Participante 90;181.188.201.212
Participante 91;181.226.87.171
Participante 92;186.188.253.17
Participante 93;51.81.80.128
Participante 94;190.141.5.97
Participante 95;186.75.6.237
Participante 96;190.218.156.93
Participante 97;201.227.226.146
Participante 98;170.84.135.44
Participante 99;181.214.159.196
Participante 100;190.35.78.213
Participante 101;201.242.174.177
Participante 102;2.138.62.240
Participante 103;190.237.41.220
Participante 104;177.247.118.109
Participante 105;188.26.214.210
Participante 106;190.218.194.148
Participante 107;186.72.220.234
Participante 108;190.106.4.146
Participante 109;201.218.207.82
Participante 110;201.218.207.82
Participante 111;201.218.207.82
Participante 112;201.218.207.82
Participante 113;24.232.90.243
Participante 114;201.218.207.82
Participante 115;201.218.207.82
Participante 116;190.102.56.188
Participante 117;201.229.162.167
Participante 118;186.188.239.123
Participante 119;181.197.20.216
Participante 120;200.46.90.194
Participante 121;190.113.110.23
Participante 122;200.46.90.194
Participante 123;201.218.207.82
Participante 124;201.218.207.82
Participante 125;201.218.207.82
Participante 126;86.0.187.148
Participante 127;201.218.207.82
Participante 128;201.218.207.82
Participante 129;201.218.207.82
Participante 130;201.218.207.82
Participante 131;201.218.207.82
Participante 132;201.218.207.82
Participante 133;187.143.221.244
Participante 134;201.218.207.82
Participante 135;200.121.254.121
Participante 136;201.218.207.82
Participante 137;201.218.207.82
Participante 138;201.218.207.82
Participante 139;201.218.207.82
Participante 140;201.218.207.82
Participante 141;201.218.207.82
Participante 142;181.114.108.61
Participante 143;201.218.207.82
Participante 144;190.141.171.151
Participante 145;190.143.251.204
Participante 146;189.133.218.198
Participante 147;201.218.207.82
Participante 148;201.218.207.82
Participante 149;201.218.207.82
Participante 150;45.170.224.183
Participante 151;152.231.34.77
Participante 152;201.218.207.82
Participante 153;201.218.207.82
Participante 154;200.62.99.100
Participante 155;201.218.207.82
Participante 156;143.202.253.243
Participante 157;201.218.207.82
Participante 158;186.188.153.225
Participante 159;200.91.27.245
Participante 160;177.222.52.4
Participante 161;201.218.207.82
Participante 162;208.96.134.95
Participante 163;186.68.121.140
Participante 164;201.218.207.82
Participante 165;201.218.207.82
Participante 166;165.98.74.46
Participante 167;201.218.207.82
Participante 168;201.218.207.82
Participante 169;201.218.207.82
Participante 170;201.183.106.213
Participante 171;201.218.207.82
Participante 172;190.218.165.79
Participante 173;201.218.207.82
Participante 174;181.115.60.75
Participante 175;186.77.134.131
Participante 176;201.218.207.82
Participante 177;201.218.207.82
Participante 178;190.239.78.118
Participante 179;201.218.207.82
Participante 180;181.174.116.114
Participante 181;201.218.207.82
Participante 182;45.228.232.155
Participante 183;201.218.207.82
Participante 184;95.19.50.212
Participante 185;201.227.226.141
Participante 186;186.72.25.154
Participante 187;201.229.162.106
Participante 188;201.17.124.38
Participante 189;186.141.226.236
Participante 190;186.176.141.102
Participante 191;201.229.162.58
Participante 192;190.219.181.24
Participante 193;190.141.30.24
Participante 194;186.188.228.2
Participante 195;186.188.228.2
Participante 196;186.188.228.2
Participante 197;190.33.66.162
Participante 198;177.225.143.53
Participante 199;190.32.77.25
Participante 200;191.103.83.4
Participante 201;189.174.212.88
Participante 202;190.56.75.67
Participante 203;190.141.176.104
Participante 204;186.188.228.2
Participante 205;186.188.228.2
Participante 206;186.188.228.2
Participante 207;181.51.34.192
Participante 208;146.158.248.8
Participante 209;186.188.228.2
Participante 210;186.188.228.2
Participante 211;186.188.228.2
Participante 212;186.188.228.2
Participante 213;201.194.193.57
Participante 214;186.188.228.2
Participante 215;186.188.228.2
Participante 216;186.188.228.2
Participante 217;186.188.228.2
Participante 218;186.188.228.2
Participante 219;186.188.228.2
Participante 220;186.188.228.2
Participante 221;190.102.58.144
Participante 222;181.113.159.48
Participante 223;186.188.228.2
Participante 224;201.218.207.82
Participante 225;186.188.228.2
Participante 226;186.188.228.2
Participante 227;179.6.219.13
Participante 228;181.50.16.95
Participante 229;186.188.228.2
Participante 230;186.188.228.2
Participante 231;190.141.13.215
Participante 232;87.125.87.108
Participante 233;186.188.228.2
Participante 234;186.188.228.2
Participante 235;186.188.228.2
Participante 236;186.188.228.2
Participante 237;186.188.228.2
Participante 238;186.188.228.2
Participante 239;167.57.180.142
Participante 240;186.188.228.2
Participante 241;186.188.228.2
Participante 242;186.188.228.2
Participante 243;186.188.228.2
Participante 244;186.188.228.2
Participante 245;186.188.228.2
Participante 246;186.188.228.2
Participante 247;186.188.228.2
Participante 248;186.188.228.2
Participante 249;186.188.228.2
Participante 250;207.248.101.10
Participante 251;186.188.228.2
Participante 252;186.188.228.2
Participante 253;186.188.228.2
Participante 254;201.218.207.82
Participante 255;186.188.228.2
Participante 256;186.188.228.2
Participante 257;186.188.228.2
Participante 258;186.188.228.2
Participante 259;186.188.228.2
Participante 260;186.188.228.2
Participante 261;186.188.228.2
Participante 262;207.248.101.10
Participante 263;186.188.228.2
Participante 264;186.188.228.2
Participante 265;186.188.228.2
Participante 266;186.188.228.2
Participante 267;186.188.228.2
Participante 268;186.188.228.2
Participante 269;186.188.228.2
Participante 270;186.188.228.2
Participante 271;186.188.228.2
Participante 272;186.188.228.2
Participante 273;186.188.228.2
Participante 274;186.188.228.2
Participante 275;186.188.228.2
Participante 276;186.188.228.2
Participante 277;207.248.101.10
Participante 278;186.188.228.2
Participante 279;186.188.228.2
Participante 280;186.188.228.2
Participante 281;186.188.228.2
Participante 282;186.188.228.2
Participante 283;186.188.228.2
Participante 284;186.188.228.2
Participante 285;190.219.128.194
Participante 286;186.188.228.2
Participante 287;190.34.190.189
Participante 288;186.188.228.2
Participante 289;186.188.228.2
Participante 290;186.188.228.2
Participante 291;190.218.12.199
Participante 292;186.188.228.2
Participante 293;186.188.228.2
Participante 294;186.188.228.2
Participante 295;201.227.54.82
Participante 296;201.211.130.10
Participante 297;186.188.228.2
Participante 298;186.188.228.2
Participante 299;186.188.228.2
Participante 300;186.188.228.2
Participante 301;186.188.228.2
Participante 302;186.188.228.2
Participante 303;186.188.228.2
Participante 304;190.218.92.241
Participante 305;186.188.228.2
Participante 306;186.188.228.2
Participante 307;186.188.228.2
Participante 308;186.188.228.2
Participante 309;186.188.228.2
Participante 310;186.188.228.2
Participante 311;201.218.207.82
Participante 312;186.188.228.2
Participante 313;181.138.63.142
Participante 314;186.188.228.2
Participante 315;186.188.228.2
Participante 316;186.188.228.2
Participante 317;190.218.250.176
Participante 318;186.188.228.2
Participante 319;186.188.228.2
Participante 320;79.159.207.159
Participante 321;186.188.228.2
Participante 322;186.73.237.117
Participante 323;181.66.102.180
Participante 324;186.188.228.2
Participante 325;186.188.228.2
Participante 326;190.141.127.67
Participante 327;186.72.122.64
Participante 328;190.141.23.1
Participante 329;186.188.228.2
Participante 330;190.218.18.189
Participante 331;186.188.228.2
Participante 332;186.188.228.2
Participante 333;186.188.228.2
Participante 334;186.188.228.2
Participante 335;190.141.3.221
Participante 336;186.188.228.2
Participante 337;186.188.228.2
Participante 338;190.141.133.146
Participante 339;186.188.228.2
Participante 340;186.188.228.2
Participante 341;181.197.0.68
Participante 342;186.188.228.2
Participante 343;186.188.228.2
Participante 344;181.199.157.175
Participante 345;186.188.228.2
Participante 346;186.188.228.2
Participante 347;200.105.206.93
Participante 348;186.188.228.2
Participante 349;201.218.207.82
Participante 350;186.188.228.2
Participante 351;186.188.228.2
Participante 352;200.105.166.13
Participante 353;200.105.215.194
Participante 354;186.188.228.2
Participante 355;186.188.228.2
Participante 356;186.188.228.2
Participante 357;186.188.228.2
Participante 358;186.188.228.2
Participante 359;181.197.125.152
Participante 360;186.188.228.2
Participante 361;186.188.228.2
Participante 362;186.188.228.2
Participante 363;186.188.228.2
Participante 364;186.188.228.2
Participante 365;190.57.42.235
Participante 366;186.188.228.2
Participante 367;186.188.228.2
Participante 368;186.188.228.2
Participante 369;186.188.228.2
Participante 370;186.188.228.2
Participante 371;181.30.18.3
Participante 372;200.10.144.2
Participante 373;186.188.228.2
Participante 374;186.188.228.2
Participante 375;186.188.228.2
Participante 376;186.188.228.2
Participante 377;186.188.228.2
Participante 378;181.43.225.143
Participante 379;186.188.228.2
Participante 380;181.115.167.91
Participante 381;186.188.228.2
Participante 382;186.188.228.2
Participante 383;181.197.100.235
Participante 384;186.188.228.2
Participante 385;186.188.228.2
Participante 386;186.188.228.2
Participante 387;201.227.226.137
Participante 388;186.188.228.2
Participante 389;186.188.228.2
Participante 390;186.188.228.2
Participante 391;186.188.228.2
Participante 392;186.188.228.2
Participante 393;186.188.228.2
Participante 394;186.188.228.2
Participante 395;186.188.228.2
Participante 396;186.188.228.2
Participante 397;186.188.228.2
Participante 398;186.77.134.132
Participante 399;186.188.228.2
Participante 400;190.102.58.162
Participante 401;186.188.228.2
Participante 402;201.218.207.82
Participante 403;186.151.158.151
Participante 404;186.188.228.2
Participante 405;186.188.228.2
Participante 406;201.221.243.197
Participante 407;186.188.228.2
Participante 408;186.188.228.2
Participante 409;186.75.115.100
Participante 410;186.188.228.2
Participante 411;185.209.178.80
Participante 412;186.188.228.2
Participante 413;190.219.167.135
Participante 414;186.188.228.2
Participante 415;200.46.222.76
Participante 416;186.188.228.2
Participante 417;186.188.228.2
Participante 418;189.84.96.218
Participante 419;181.197.11.138
Participante 420;186.188.228.2
Participante 421;181.179.29.107
Participante 422;186.188.228.2
Participante 423;186.77.205.142
Participante 424;190.57.45.75
Participante 425;186.188.228.2
Participante 426;136.226.1.34
Participante 427;201.227.103.195
Participante 428;200.46.52.18
Participante 429;186.188.228.2
Participante 430;186.188.228.2
Participante 431;186.188.228.2
Participante 432;186.72.18.179
Participante 433;148.0.168.176
Participante 434;186.188.228.2
Participante 435;34.207.151.43
Participante 436;190.140.114.46
Participante 437;186.77.134.121
Participante 438;186.188.228.2
Participante 439;170.253.16.33
Participante 440;186.188.228.2
Participante 441;186.188.228.2
Participante 442;186.188.228.2
Participante 443;186.73.141.210
Participante 444;190.16.159.242
Participante 445;186.188.228.2
Participante 446;181.197.9.125
Participante 447;181.209.195.190
Participante 448;186.188.228.2
Participante 449;186.188.228.2
Participante 450;181.197.1.214
Participante 451;186.188.228.2
Participante 452;24.232.183.49
Participante 453;186.188.228.2
Participante 454;186.188.228.2
Participante 455;186.188.228.2
Participante 456;201.218.117.169
Participante 457;186.188.228.2
Participante 458;190.36.126.221
Participante 459;186.74.58.240
Participante 460;38.87.209.50
Participante 461;190.218.194.148
Participante 462;200.108.59.165
Participante 463;201.218.207.82
Participante 464;186.188.228.2
Participante 465;190.219.39.101
Participante 466;190.57.46.158
Participante 467;190.219.161.166
Participante 468;186.188.228.2
Participante 469;201.218.207.82
Participante 470;201.227.116.217
Participante 471;186.188.228.2
Participante 472;186.188.228.2
Participante 473;186.188.228.2
Participante 474;190.140.210.6
Participante 475;186.188.228.2
Participante 476;186.188.228.2
Participante 477;186.188.228.2
Participante 478;181.197.140.172
Participante 479;186.188.228.2
Participante 480;186.188.228.2
Participante 481;201.218.217.50
Participante 482;190.57.44.215
Participante 483;186.188.228.2
Participante 484;186.72.190.157
Participante 485;186.188.228.2
Participante 486;186.188.228.2
Participante 487;179.53.127.132
Participante 488;186.188.228.2
Participante 489;181.197.48.7
Participante 490;190.141.21.146
Participante 491;186.188.228.2
Participante 492;186.188.228.2
Participante 493;189.217.73.140
Participante 494;186.188.228.2
Participante 495;189.217.89.23
Participante 496;186.188.228.2
Participante 497;186.188.228.2
Participante 498;177.225.157.5
Participante 499;201.174.147.190
Participante 500;186.188.228.2
Participante 501;80.102.112.127
Participante 502;186.188.228.2
Participante 503;186.73.121.232
Participante 504;186.188.228.2
Participante 505;186.188.228.2
Participante 506;190.219.100.5
Participante 507;186.188.228.2
Participante 508;186.188.228.2
Participante 509;186.188.228.2
Participante 510;190.217.127.31
Participante 511;186.188.228.2
Participante 512;186.188.228.2
Participante 513;186.5.31.51
Participante 514;186.188.228.2
Participante 515;186.188.228.2
Participante 516;190.212.137.114
Participante 517;186.15.124.155
Participante 518;186.188.228.2
Participante 519;186.188.228.2
Participante 520;186.188.228.2
Participante 521;186.72.168.11
Participante 522;186.188.228.2
Participante 523;200.87.90.51
Participante 524;181.197.152.130
Participante 525;186.188.228.2
Participante 526;189.141.128.237
Participante 527;186.188.228.2
Participante 528;186.188.228.2
Participante 529;190.141.5.163
Participante 530;186.188.228.2
Participante 531;186.188.228.2
Participante 532;190.102.56.211
Participante 533;186.188.228.2
Participante 534;190.151.116.170
Participante 535;186.188.228.2
Participante 536;190.219.122.169
Participante 537;186.188.228.2
Participante 538;186.188.228.2
Participante 539;181.197.66.161
Participante 540;190.102.58.167
Participante 541;181.67.203.86
Participante 542;186.188.228.2
Participante 543;186.188.228.2
Participante 544;186.188.228.2
Participante 545;51.81.80.128
Participante 546;200.106.114.214
Participante 547;186.188.228.2
Participante 548;186.188.228.2
Participante 549;186.188.228.2
Participante 550;186.188.228.2
Participante 551;201.227.226.151
Participante 552;190.141.249.53
Participante 553;186.188.228.2
Participante 554;186.188.228.2
Participante 555;186.188.228.2
Participante 556;186.188.228.2
Participante 557;186.188.228.2
Participante 558;186.188.228.2
Participante 559;186.188.228.2
Participante 560;190.218.30.199
Participante 561;186.188.228.2
Participante 562;186.188.228.2
Participante 563;186.188.228.2
Participante 564;186.188.228.2
Participante 565;186.188.228.2
Participante 566;186.188.228.2
Participante 567;201.209.89.133
Participante 568;186.188.228.2
Participante 569;186.188.228.2
Participante 570;186.188.228.2
Participante 571;186.29.231.241
Participante 572;186.188.228.2
Participante 573;190.163.89.115
Participante 574;186.188.228.2
Participante 575;186.188.228.2
Participante 576;186.188.228.2
Participante 577;201.218.86.228
Participante 578;186.188.228.2
Participante 579;201.240.196.41
Participante 580;181.179.28.232
Participante 581;186.188.228.2
Participante 582;190.148.209.115
Participante 583;186.73.183.55
Participante 584;186.188.228.2
Participante 585;186.188.228.2
Participante 586;168.77.212.2
Participante 587;186.188.228.2
Participante 588;186.46.239.34
Participante 589;186.188.228.2
Participante 590;186.188.228.2
Participante 591;186.188.228.2
Participante 592;186.188.228.2
Participante 593;190.219.51.180
Participante 594;186.188.228.2
Participante 595;179.6.220.48
Participante 596;181.67.87.136
Participante 597;200.84.63.66
Participante 598;186.188.228.2
Participante 599;186.188.236.147
Participante 600;186.72.108.214
Participante 601;201.191.198.161
Participante 602;186.188.228.2
Participante 603;190.159.124.215
Participante 604;186.188.228.2
Participante 605;186.188.228.2
Participante 606;186.188.228.2
Participante 607;186.188.228.2
Participante 608;186.188.228.2
Participante 609;186.188.228.2
Participante 610;186.188.228.2
Participante 611;157.100.87.44
Participante 612;186.188.228.2
Participante 613;2.136.36.205
Participante 614;186.188.228.2
Participante 615;179.51.3.199
Participante 616;138.117.7.4
Participante 617;186.188.228.2
Participante 618;186.155.25.147
Participante 619;190.219.222.217
Participante 620;186.188.228.2
Participante 621;190.34.190.186
Participante 622;186.155.13.222
Participante 623;181.89.55.129
Participante 624;190.140.156.195
Participante 625;165.98.36.13
Participante 626;201.218.224.5
Participante 627;186.188.228.2
Participante 628;186.188.228.2
Participante 629;186.188.228.2
Participante 630;186.188.228.2
Participante 631;186.188.228.2
Participante 632;186.188.228.2
Participante 633;186.188.228.2
Participante 634;186.188.228.2
Participante 635;186.188.228.2
Participante 636;186.119.250.43
Participante 637;181.236.162.138
Participante 638;148.255.34.166
Participante 639;186.188.228.2
Participante 640;190.148.53.16
Participante 641;186.188.228.2
Participante 642;186.188.228.2
Participante 643;186.188.228.2
Participante 644;186.188.228.2
Participante 645;186.84.89.140
Participante 646;190.246.58.134
Participante 647;186.188.228.2
Participante 648;186.188.228.2
Participante 649;186.188.228.2
Participante 650;186.188.228.2
Participante 651;186.188.228.2
Participante 652;186.188.228.2
Participante 653;186.188.228.2
Participante 654;186.188.228.2
Participante 655;186.188.228.2
Participante 656;201.226.204.148
Participante 657;186.188.228.2
Participante 658;186.188.228.2
Participante 659;186.188.228.2
Participante 660;186.188.228.2
Participante 661;186.188.228.2
Participante 662;186.188.228.2
Participante 663;186.188.228.2
Participante 664;186.188.228.2
Participante 665;190.140.115.209
Participante 666;186.188.228.2
Participante 667;181.179.27.255
Participante 668;186.188.228.2
Participante 669;190.141.198.77
Participante 670;186.188.228.2
Participante 671;186.188.228.2
Participante 672;157.100.87.199
Participante 673;190.141.224.222
Participante 674;186.188.228.2
Participante 675;186.188.228.2
Participante 676;186.188.228.2
Participante 677;186.188.228.2
Participante 678;186.188.228.2
Participante 679;181.174.107.43
Participante 680;186.188.228.2
Participante 681;186.188.228.2
Participante 682;186.188.228.2
Participante 683;190.219.11.241
Participante 684;186.188.228.2
Participante 685;186.188.228.2
Participante 686;186.188.228.2
Participante 687;2.138.62.240
Participante 688;190.141.195.103
Participante 689;186.188.228.2
Participante 690;186.188.228.2
Participante 691;186.188.228.2
Participante 692;186.188.228.2
Participante 693;186.188.228.2
Participante 694;186.188.228.2
Participante 695;181.197.124.46
Participante 696;190.102.58.74
Participante 697;190.140.22.24
Participante 698;186.188.228.2
Participante 699;181.197.133.96
Participante 700;186.188.228.2
Participante 701;186.188.228.2
Participante 702;186.188.228.2
Participante 703;186.188.228.2
Participante 704;186.188.228.2
Participante 705;181.164.155.144
Participante 706;186.188.228.2
Participante 707;186.188.228.2
Participante 708;186.188.228.2
Participante 709;190.219.228.173
Participante 710;200.46.81.100
Participante 711;186.188.228.2
Participante 712;186.188.228.2
Participante 713;186.188.228.2
Participante 714;190.34.62.190
Participante 715;186.188.228.2
Participante 716;186.188.192.24
Participante 717;186.188.228.2
Participante 718;200.108.58.121
Participante 719;190.140.114.172
Participante 720;186.188.228.2
Participante 721;186.188.228.2
Participante 722;186.188.228.2
Participante 723;186.188.228.2
Participante 724;186.188.228.2
Participante 725;186.188.228.2
Participante 726;186.188.228.2
Participante 727;201.227.226.146
Participante 728;186.188.228.2
Participante 729;186.15.65.169
Participante 730;186.188.228.2
Participante 731;186.188.228.2
Participante 732;186.188.228.2
Participante 733;186.188.228.2
Participante 734;186.188.228.2
Participante 735;186.188.228.2
Participante 736;186.188.228.2
Participante 737;186.188.228.2
Participante 738;157.167.16.180
Participante 739;186.188.228.2
Participante 740;186.188.228.2
Participante 741;186.188.228.2
Participante 742;186.188.228.2
Participante 743;181.179.31.181
Participante 744;201.218.207.82
Participante 745;201.227.225.135
Participante 746;186.188.137.15
Participante 747;187.189.106.16
Participante 748;201.218.207.82
Participante 749;201.218.207.82
Participante 750;201.218.207.82
Participante 751;201.218.207.82
Participante 752;201.218.207.82
Participante 753;201.218.207.82
Participante 754;190.119.163.66
Participante 755;190.57.46.214
Participante 756;201.218.207.82
Participante 757;201.218.207.82
Participante 758;201.218.207.82
Participante 759;201.218.207.82
Participante 760;201.218.207.82
Participante 761;201.218.207.82
Participante 762;190.57.44.183
Participante 763;186.158.132.184
Participante 764;201.218.207.82
Participante 765;201.218.207.82
Participante 766;201.218.207.82
Participante 767;201.218.207.82
Participante 768;201.218.207.82
Participante 769;201.218.207.82
Participante 770;200.46.48.250
Participante 771;187.189.240.205
Participante 772;190.218.105.234
Participante 773;186.188.228.2
Participante 774;186.188.228.2
Participante 775;190.219.19.84
Participante 776;190.57.47.93
Participante 777;186.188.228.2
Participante 778;190.233.29.17
Participante 779;190.215.30.95
Participante 780;186.188.228.2
Participante 781;186.188.228.2
Participante 782;170.82.191.157
Participante 783;190.35.28.62
Participante 784;190.218.119.211
Participante 785;190.43.56.36
Participante 786;186.188.228.2
Participante 787;186.177.125.138
Participante 788;186.188.228.2
Participante 789;186.188.228.2
Participante 790;190.35.57.253
Participante 791;186.188.228.2
Participante 792;186.188.228.2
Participante 793;186.77.196.198
Participante 794;186.188.228.2
Participante 795;186.188.228.2
Participante 796;186.69.68.27
Participante 797;186.188.228.2
Participante 798;186.188.228.2
Participante 799;179.51.123.195
Participante 800;186.188.228.2
Participante 801;181.60.215.50
Participante 802;201.232.214.83
Participante 803;181.189.209.32
Participante 804;186.188.228.2
Participante 805;190.218.134.181
Participante 806;181.197.54.38
Participante 807;186.188.228.2
Participante 808;190.35.253.218
Participante 809;178.237.231.5
Participante 810;186.188.228.2
Participante 811;186.188.228.2
Participante 812;181.188.201.176
Participante 813;186.188.228.2
Participante 814;186.188.228.2
Participante 815;186.188.228.2
Participante 816;186.188.228.2
Participante 817;186.188.228.2
Participante 818;201.198.177.166
Participante 819;186.188.228.2
Participante 820;201.218.207.82
Participante 821;186.188.228.2
Participante 822;190.140.131.56
Participante 823;186.188.228.2
Participante 824;186.188.228.2
Participante 825;186.188.228.2
Participante 826;186.188.228.2
Participante 827;186.188.228.2
Participante 828;186.188.228.2
Participante 829;201.148.81.204
Participante 830;186.188.228.2
Participante 831;186.188.228.2
Participante 832;186.188.228.2
Participante 833;200.87.211.201
Participante 834;186.188.228.2
Participante 835;186.188.228.2
Participante 836;186.188.228.2
Participante 837;186.188.228.2
Participante 838;77.111.246.39
Participante 839;186.188.228.2
Participante 840;45.189.118.110
Participante 841;186.188.228.2
Participante 842;186.188.228.2
Participante 843;170.82.191.151
Participante 844;186.188.228.2
Participante 845;186.188.228.2
Participante 846;186.188.228.2
Participante 847;186.188.228.2
Participante 848;186.188.228.2
Participante 849;186.188.228.2
Participante 850;186.188.228.2
Participante 851;186.188.228.2
Participante 852;186.188.228.2
Participante 853;186.188.228.2
Participante 854;186.155.105.139
Participante 855;186.188.228.2
Participante 856;186.188.228.2
Participante 857;190.57.39.26
Participante 858;190.150.194.73
Participante 859;190.140.131.86
Participante 860;190.5.225.212
Participante 861;186.188.228.2
Participante 862;206.132.224.36
Participante 863;190.195.237.40
Participante 864;186.188.228.2
Participante 865;181.179.32.233
Participante 866;186.188.228.2
Participante 867;186.188.228.2
Participante 868;186.188.228.2
Participante 869;186.188.228.2
Participante 870;186.188.228.2
Participante 871;186.188.228.2
Participante 872;191.96.67.36
Participante 873;200.116.135.246
Participante 874;186.188.228.2
Participante 875;186.188.228.2
Participante 876;186.188.228.2
Participante 877;190.16.183.10
Participante 878;186.188.228.2
Participante 879;186.188.228.2
Participante 880;186.188.228.2
Participante 881;186.188.228.2
Participante 882;181.113.154.105
Participante 883;186.188.228.2
Participante 884;186.188.228.2
Participante 885;179.28.210.237
Participante 886;186.188.228.2
Participante 887;186.188.228.2
Participante 888;201.218.207.82
Participante 889;186.85.182.242
Participante 890;186.188.228.2
Participante 891;186.188.228.2
Participante 892;186.188.228.2
Participante 893;186.188.228.2
Participante 894;186.188.228.2
Participante 895;189.217.24.187
Participante 896;191.95.59.244
Participante 897;200.74.66.49
Participante 898;181.176.118.205
Participante 899;186.188.228.2
Participante 900;186.188.228.2
Participante 901;181.163.84.127
Participante 902;186.188.228.2
Participante 903;186.136.228.185
Participante 904;186.188.228.2
Participante 905;181.74.23.133
Participante 906;186.188.228.2
Participante 907;186.188.228.2
Participante 908;186.188.228.2
Participante 909;193.36.224.32
Participante 910;186.188.228.2
Participante 911;186.188.228.2
Participante 912;201.219.233.103
Participante 913;186.188.228.2
Participante 914;186.188.228.2
Participante 915;186.188.228.2
Participante 916;186.188.228.2
Participante 917;201.119.65.220
Participante 918;201.230.96.54
Participante 919;181.94.229.86
Participante 920;186.188.228.2
Participante 921;95.223.75.72
Participante 922;186.188.228.2
Participante 923;190.219.229.124
Participante 924;186.188.228.2
Participante 925;186.188.228.2
Participante 926;186.188.228.2
Participante 927;186.188.228.2
Participante 928;186.188.228.2
Participante 929;186.188.228.2
Participante 930;186.188.228.2
Participante 931;186.188.228.2
Participante 932;152.231.33.49
Participante 933;186.188.228.2
Participante 934;186.188.228.2
Participante 935;179.6.209.194
Participante 936;189.203.175.205
Participante 937;190.32.206.10
Participante 938;181.197.41.30
Participante 939;88.10.209.187
Participante 940;186.188.228.2
Participante 941;186.188.228.2
Participante 942;186.188.228.2
Participante 943;201.218.119.210
Participante 944;186.188.228.2
Participante 945;186.188.228.2
Participante 946;189.216.95.24
Participante 947;179.7.194.31
Participante 948;186.188.228.2
Participante 949;186.188.228.2
Participante 950;186.188.228.2
Participante 951;186.188.228.2
Participante 952;186.188.228.2
Participante 953;186.188.228.2
Participante 954;190.186.89.101
Participante 955;186.188.228.2
Participante 956;186.188.228.2
Participante 957;186.188.228.2
Participante 958;186.188.228.2
Participante 959;186.188.228.2
Participante 960;181.141.65.144
Participante 961;186.188.228.2
Participante 962;201.227.226.137
Participante 963;186.188.228.2
Participante 964;186.188.228.2
Participante 965;186.188.228.2
Participante 966;186.188.228.2
Participante 967;181.230.111.232
Participante 968;188.26.214.210
Participante 969;179.63.196.68
Participante 970;186.188.228.2
Participante 971;200.46.87.66
Participante 972;190.35.87.52
Participante 973;186.188.191.184
Participante 974;186.188.228.2
Participante 975;186.188.228.2
Participante 976;186.188.228.2
Participante 977;181.197.110.79
Participante 978;186.188.228.2
Participante 979;190.34.119.80
Participante 980;179.53.33.232
Participante 981;186.188.228.2
Participante 982;181.179.31.80
Participante 983;46.251.183.117
Participante 984;186.188.228.2
Participante 985;186.188.228.2
Participante 986;186.188.228.2
Participante 987;177.254.163.208
Participante 988;186.84.91.108
Participante 989;186.188.228.2
Participante 990;45.144.227.9
Participante 991;186.188.228.2
Participante 992;186.188.228.2
Participante 993;189.183.112.132
Participante 994;186.188.153.197
Participante 995;181.197.127.186
Participante 996;186.188.228.2
Participante 997;190.218.2.26
Participante 998;186.12.60.148
Participante 999;186.188.228.2
Participante 1000;186.188.228.2
Participante 1001;190.14.32.12
Participante 1002;190.219.131.98
Participante 1003;186.188.228.2
Participante 1004;186.188.228.2
Participante 1005;186.188.228.2
Participante 1006;186.188.228.2
Participante 1007;186.141.199.188
Participante 1008;186.188.228.2
Participante 1009;186.188.228.2
Participante 1010;186.188.228.2
Participante 1011;186.188.228.2
Participante 1012;200.85.80.53
Participante 1013;186.111.128.30
Participante 1014;186.188.228.2
Participante 1015;186.188.228.2
Participante 1016;186.188.228.2
Participante 1017;186.188.228.2
Participante 1018;201.227.147.210
Participante 1019;186.188.228.2
Participante 1020;190.218.51.226
Participante 1021;190.141.106.73
Participante 1022;201.227.158.101
Participante 1023;190.92.33.32
Participante 1024;186.188.228.2
Participante 1025;186.188.228.2
Participante 1026;186.188.228.2
Participante 1027;186.188.228.2
Participante 1028;45.5.69.240
Participante 1029;190.113.210.182
Participante 1030;190.218.170.98
Participante 1031;186.188.228.2
Participante 1032;186.188.228.2
Participante 1033;186.188.228.2
Participante 1034;186.188.228.2
Participante 1035;186.188.228.2
Participante 1036;186.188.228.2
Participante 1037;190.148.209.85
Participante 1038;186.188.228.2
Participante 1039;186.188.228.2
Participante 1040;186.188.228.2
Participante 1041;186.188.228.2
Participante 1042;186.188.228.2
Participante 1043;186.188.228.2
Participante 1044;186.188.228.2
Participante 1045;186.188.228.2
Participante 1046;186.188.228.2
Participante 1047;186.188.228.2
Participante 1048;186.188.228.2
Participante 1049;186.188.228.2
Participante 1050;186.188.228.2
Participante 1051;186.188.228.2
Participante 1052;186.188.228.2
Participante 1053;186.188.228.2
Participante 1054;186.72.245.178
Participante 1055;186.188.228.2
Participante 1056;186.188.228.2
Participante 1057;186.188.228.2
Participante 1058;190.237.2.137
Participante 1059;186.188.228.2
Participante 1060;186.188.228.2
Participante 1061;186.188.228.2
Participante 1062;186.188.228.2
Participante 1063;186.188.228.2
Participante 1064;186.188.228.2
Participante 1065;186.72.19.198
Participante 1066;186.188.228.2
Participante 1067;186.188.228.2
Participante 1068;186.188.228.2
Participante 1069;181.65.36.121
Participante 1070;186.188.228.2
Participante 1071;186.188.228.2
Participante 1072;187.170.161.13
Participante 1073;181.179.30.73
Participante 1074;181.199.61.238
Participante 1075;190.102.56.140
Participante 1076;186.141.136.250
Participante 1077;186.188.228.2
Participante 1078;170.254.50.24
Participante 1079;186.188.228.2
Participante 1080;190.218.31.9
Participante 1081;190.33.236.37
Participante 1082;186.188.228.2
Participante 1083;186.188.228.2
Participante 1084;186.188.228.2
Participante 1085;190.106.86.225
Participante 1086;152.156.211.180
Participante 1087;186.188.228.2
Participante 1088;200.46.235.241
Participante 1089;186.188.228.2
Participante 1090;190.140.3.222
Participante 1091;186.188.228.2
Participante 1092;161.69.112.11
Participante 1093;186.188.228.2
Participante 1094;186.188.228.2
Participante 1095;186.188.228.2
Participante 1096;186.188.228.2
Participante 1097;190.141.224.43
Participante 1098;186.188.228.2
Participante 1099;186.188.228.2
Participante 1100;186.188.228.2
Participante 1101;186.188.228.2
Participante 1102;186.188.228.2
Participante 1103;186.188.228.2
Participante 1104;186.188.228.2
Participante 1105;186.188.228.2
Participante 1106;186.188.142.192
Participante 1107;186.188.228.2
Participante 1108;186.188.228.2
Participante 1109;186.188.228.2
Participante 1110;186.87.207.41
Participante 1111;181.65.0.147
Participante 1112;186.75.254.29
Participante 1113;186.188.228.2
Participante 1114;201.218.203.170
Participante 1115;181.197.82.215
Participante 1116;186.188.228.2
Participante 1117;189.159.34.192
Participante 1118;186.188.228.2
Participante 1119;186.188.228.2
Participante 1120;186.188.228.2
Participante 1121;186.188.228.2
Participante 1122;186.188.228.2
Participante 1123;186.188.228.2
Participante 1124;186.188.228.2
Participante 1125;190.239.68.149
Participante 1126;186.188.228.2
Participante 1127;186.188.228.2
Participante 1128;186.188.228.2
Participante 1129;186.188.228.2
Participante 1130;186.188.228.2
Participante 1131;186.188.228.2
Participante 1132;190.57.44.1
Participante 1133;186.188.228.2
Participante 1134;181.36.149.169
Participante 1135;186.188.228.2
Participante 1136;186.188.228.2
Participante 1137;186.188.228.2
Participante 1138;187.147.53.16
Participante 1139;186.188.228.2
Participante 1140;186.188.228.2
Participante 1141;186.72.168.141
Participante 1142;186.188.228.2
Participante 1143;179.6.32.95
Participante 1144;186.188.228.2
Participante 1145;186.188.228.2
Participante 1146;186.188.228.2
Participante 1147;186.188.228.2
Participante 1148;181.63.22.217
Participante 1149;186.188.228.2
Participante 1150;186.188.228.2
Participante 1151;12.206.84.79
Participante 1152;186.188.228.2
Participante 1153;186.188.228.2
Participante 1154;186.188.228.2
Participante 1155;186.188.228.2
Participante 1156;190.22.137.212
Participante 1157;190.141.246.98
Participante 1158;186.188.228.2
Participante 1159;201.224.79.118
Participante 1160;190.140.128.4
Participante 1161;186.188.228.2
Participante 1162;186.188.228.2
Participante 1163;181.141.211.251
Participante 1164;186.188.228.2
Participante 1165;200.46.139.234
Participante 1166;179.6.193.16
Participante 1167;190.141.10.133
Participante 1168;189.217.1.49
Participante 1169;186.188.228.2
Participante 1170;186.188.228.2
Participante 1171;181.209.150.165
Participante 1172;186.188.228.2
Participante 1173;186.188.228.2
Participante 1174;186.188.228.2
Participante 1175;186.188.228.2
Participante 1176;181.197.55.161
Participante 1177;190.34.137.146
Participante 1178;186.188.228.2
Participante 1179;186.188.228.2
Participante 1180;181.64.18.92
Participante 1181;201.218.207.82
Participante 1182;186.188.228.2
Participante 1183;181.64.231.117
Participante 1184;186.188.228.2
Participante 1185;186.154.124.90
Participante 1186;186.74.190.124
Participante 1187;190.140.0.209
Participante 1188;186.188.228.2
Participante 1189;186.188.228.2
Participante 1190;190.219.19.171
Participante 1191;186.188.228.2
Participante 1192;186.188.228.2
Participante 1193;186.188.228.2
Participante 1194;186.188.228.2
Participante 1195;186.143.133.79
Participante 1196;186.188.228.2
Participante 1197;186.188.228.2
Participante 1198;200.119.209.42
Participante 1199;186.188.228.2
Participante 1200;186.188.228.2
Participante 1201;186.75.6.237
Participante 1202;190.218.37.142
Participante 1203;186.73.209.167
Participante 1204;161.10.81.201
Participante 1205;186.188.228.2
Participante 1206;186.188.228.2
Participante 1207;186.188.228.2
Participante 1208;186.188.228.2
Participante 1209;185.255.105.40
Participante 1210;201.218.76.24
Participante 1211;186.188.228.2
Participante 1212;186.188.228.2
Participante 1213;186.188.228.2
Participante 1214;190.167.123.252
Participante 1215;201.227.59.192
Participante 1216;186.188.171.170
Participante 1217;186.84.20.233
Participante 1218;186.84.21.127
Participante 1219;190.5.252.97
Participante 1220;181.199.123.47
Participante 1221;186.75.134.228
Participante 1222;186.188.228.2
Participante 1223;191.92.161.192
Participante 1224;186.188.228.2
Participante 1225;186.188.228.2
Participante 1226;181.197.52.8
Participante 1227;186.6.115.70
Participante 1228;186.188.228.2
Participante 1229;186.188.228.2
Participante 1230;186.96.107.218
Participante 1231;191.95.52.225
Participante 1232;186.188.228.2
Participante 1233;186.188.228.2
Participante 1234;186.188.228.2
Participante 1235;186.188.228.2
Participante 1236;186.188.228.2
Participante 1237;186.188.228.2
Participante 1238;187.190.193.227
Participante 1239;190.217.9.138
Participante 1240;186.188.228.2
Participante 1241;186.188.228.2
Participante 1242;181.197.153.93
Participante 1243;190.92.3.5
Participante 1244;186.188.228.2
Participante 1245;190.242.40.194
Participante 1246;187.189.35.46
Participante 1247;186.188.228.2
Participante 1248;186.188.228.2
Participante 1249;186.188.228.2
Participante 1250;190.57.46.112
Participante 1251;186.188.228.2
Participante 1252;181.36.154.223
Participante 1253;186.188.228.2
Participante 1254;181.197.1.206
Participante 1255;181.26.35.55
Participante 1256;186.188.228.2
Participante 1257;186.188.228.2
Participante 1258;190.34.228.169
Participante 1259;190.234.57.118
Participante 1260;186.188.228.2
Participante 1261;186.188.228.2
Participante 1262;186.188.228.2
Participante 1263;186.188.228.2
Participante 1264;201.218.207.82
Participante 1265;186.188.228.2
Participante 1266;186.188.228.2
Participante 1267;200.68.129.164
Participante 1268;186.188.228.2
Participante 1269;190.251.205.186
Participante 1270;201.227.10.77
Participante 1271;190.219.212.36
Participante 1272;201.227.226.145
Participante 1273;190.141.128.218
Participante 1274;190.218.63.157
Participante 1275;181.55.17.251
Participante 1276;181.197.184.207
Participante 1277;186.188.228.2
Participante 1278;186.188.228.2
Participante 1279;186.188.228.2
Participante 1280;152.231.32.115
Participante 1281;186.188.228.2
Participante 1282;190.219.199.43
Participante 1283;186.188.228.2
Participante 1284;186.188.228.2
Participante 1285;186.188.228.2
Participante 1286;212.128.135.49
Participante 1287;186.139.162.117
Participante 1288;186.188.228.2
Participante 1289;186.188.228.2
Participante 1290;186.74.50.233
Participante 1291;200.108.59.227
Participante 1292;201.103.210.11
Participante 1293;200.68.186.204
Participante 1294;186.188.228.2
Participante 1295;186.188.228.2
Participante 1296;191.156.144.89
Participante 1297;201.242.232.25
Participante 1298;186.188.228.2
Participante 1299;190.218.83.251
Participante 1300;190.219.179.145
Participante 1301;190.140.39.33
Participante 1302;186.188.228.2
Participante 1303;186.188.228.2
Participante 1304;190.140.156.108
Participante 1305;190.219.216.35
Participante 1306;186.188.228.2
Participante 1307;201.131.45.124
Participante 1308;177.222.62.192
Participante 1309;190.141.144.28
Participante 1310;186.188.228.2
Participante 1311;186.188.228.2
Participante 1312;186.188.228.2
Participante 1313;179.49.13.165
Participante 1314;186.188.228.2
Participante 1315;186.188.228.2
Participante 1316;190.140.227.132
Participante 1317;186.188.228.2
Participante 1318;186.188.228.2
Participante 1319;190.194.64.87
Participante 1320;181.197.146.105
Participante 1321;200.68.186.60
Participante 1322;181.229.80.158
Participante 1323;186.188.228.2
Participante 1324;190.218.212.134
Participante 1325;186.188.228.2
Participante 1326;186.188.228.2
Participante 1327;186.188.228.2
Participante 1328;208.96.134.62
Participante 1329;186.72.1.166
Participante 1330;190.141.228.54
Participante 1331;201.218.207.82
Participante 1332;186.188.228.2
Participante 1333;190.141.50.79
Participante 1334;186.188.228.2
Participante 1335;186.73.182.216
Participante 1336;186.188.228.2
Participante 1337;191.156.49.111
Participante 1338;186.188.228.2
Participante 1339;201.224.154.224
Participante 1340;186.188.228.2
Participante 1341;186.188.228.2
Participante 1342;186.188.228.2
Participante 1343;186.72.53.235
Participante 1344;186.188.228.2
Participante 1345;161.69.112.11
Participante 1346;186.179.123.192
Participante 1347;190.141.38.197
Participante 1348;186.188.228.2
Participante 1349;213.143.51.227
Participante 1350;186.73.173.58
Participante 1351;186.188.228.2
Participante 1352;186.188.228.2
Participante 1353;190.33.40.110
Participante 1354;201.227.226.140
Participante 1355;186.185.66.229
Participante 1356;201.224.1.21
Participante 1357;186.188.228.2
Participante 1358;186.77.136.235
Participante 1359;190.34.106.211
Participante 1360;201.227.226.149
Participante 1361;201.192.161.187
Participante 1362;190.218.156.71
Participante 1363;186.188.228.2
Participante 1364;186.188.228.2
Participante 1365;201.227.226.144
Participante 1366;190.218.189.180
Participante 1367;186.188.228.2
Participante 1368;190.66.144.2
Participante 1369;186.188.228.2
Participante 1370;217.138.222.196
Participante 1371;201.218.207.82
Participante 1372;181.214.159.196
Participante 1373;179.38.116.74
Participante 1374;190.218.178.161
Participante 1375;181.197.182.187
Participante 1376;186.188.228.2
Participante 1377;190.140.58.211
Participante 1378;138.186.15.20
Participante 1379;190.141.102.116
Participante 1380;190.61.124.69
Participante 1381;190.219.48.65
Participante 1382;190.219.48.65
Participante 1383;186.188.228.2
Participante 1384;181.131.133.141
Participante 1385;186.148.97.9
Participante 1386;201.227.226.145
Participante 1387;201.218.207.82
Participante 1388;186.188.228.2
Participante 1389;186.86.52.192
Participante 1390;200.46.82.197
Participante 1391;190.218.82.58
Participante 1392;190.218.80.217
Participante 1393;186.188.228.2
Participante 1394;190.57.47.208
Participante 1395;186.188.133.251
Participante 1396;179.25.183.29
Participante 1397;186.188.228.2
Participante 1398;190.102.56.155
Participante 1399;186.188.214.75
Participante 1400;201.218.203.170
Participante 1401;190.140.211.103
Participante 1402;186.188.228.2
Participante 1403;190.140.114.153
Participante 1404;186.188.228.2
Participante 1405;190.218.156.25
Participante 1406;186.188.228.2
Participante 1407;186.188.228.2
Participante 1408;190.219.137.102
Participante 1409;186.188.228.2
Participante 1410;186.188.228.2
Participante 1411;186.188.228.2
Participante 1412;186.188.228.2
Participante 1413;190.218.35.206
Participante 1414;186.188.228.2
Participante 1415;186.188.228.2
Participante 1416;186.74.111.121
Participante 1417;186.188.228.2
Participante 1418;190.218.177.154
Participante 1419;186.188.228.2
Participante 1420;186.188.228.2
Participante 1421;186.188.228.2
Participante 1422;186.188.228.2
Participante 1423;190.141.210.27
Participante 1424;190.5.240.178
Participante 1425;201.227.226.139
Participante 1426;186.188.146.129
Participante 1427;186.188.228.2
Participante 1428;75.26.9.106
Participante 1429;181.65.1.169
Participante 1430;190.102.56.144
Participante 1431;186.188.228.2
Participante 1432;186.188.228.2
Participante 1433;179.48.249.141
Participante 1434;186.188.228.2
Participante 1435;186.188.228.2
Participante 1436;190.219.3.129
Participante 1437;186.104.222.192
